ID,year,brochure,photo,white_female,white_male,black_female,black_male,other_race_female,other_race_male,
1,1999-2000,1,1,1,2,0,0,0,0,
2,,,2,0,0,1,0,0,0,
3,,,3,1,1,0,0,0,0,
4,,,4,4,4,0,0,0,2,
5,,,5,0,1,0,0,0,0,
6,,,6,3,3,0,0,0,0,
7,,,7,4,1,1,0,0,0,
8,,,8,0,1,0,0,0,0,
9,2000-2001,1,1,0,0,0,0,0,1,
10,,,2,1,0,0,0,0,0,
11,,,3,0,1,0,0,0,0,
12,,,4,1,0,0,0,1,0,
13,,,5,0,1,0,0,0,0,
14,,,6,0,0,1,0,0,0,
15,,,7,1,0,1,0,0,1,
16,,,8,2,2,0,1,0,0,
17,,,9,1,0,0,0,0,0,
18,,,10,1,2,0,0,0,0,
19,,,11,1,0,0,0,0,0,
20,2001-2002,1,1,0,0,1,0,0,0,
21,,,2,1,0,0,0,0,0, 
22,,,3,0,1,0,0,0,0,
23,,,4,0,1,0,0,0,0,
24,,,5,0,0,0,1,0,0,
25,,,6,1,0,0,0,0,0,
26,,,7,0,0,0,0,0,1,
27,,,8,0,1,0,0,0,0,
28,,,9,0,0,0,0,0,1,
29,,,10,1,0,0,0,0,0,
30,,,11,0,0,0,1,0,0,
31,,,12,1,0,0,0,0,0,
32,,,13,0,0,0,0,0,1,
33,,,14,0,1,0,1,1,0,
34,,,15,1,1,0,0,0,0,
35,,,16,0,1,1,0,0,0,
36,,,17,1,0,0,0,0,0,
37,,,18,0,0,0,0,1,0,
38,,,19,2,3,1,0,1,0,
39,,,20,1,0,0,0,0,0,
40,,,21,0,0,0,1,0,0,
41,,,22,0,0,0,1,0,0,
42,,,23,0,1,0,0,0,0,
43,,,24,0,1,0,0,0,0,
44,,,25,0,1,0,0,0,1,
45,,,26,1,0,0,0,0,0,
46,,,27,3,2,0,1,0,1,
47,,,28,0,0,0,0,0,1,
48,,,29,0,1,0,0,0,0,
49,,,30,0,0,1,0,0,0,
50,,,31,0,0,0,0,1,0,
51,,,32,5,0,0,0,0,2,
52,,,33,1,1,0,0,0,0,
53,2002-2003,1,1,1,1,0,0,0,0,
54,,,2,0,0,0,1,0,0,
55,,,3,0,0,1,0,0,0,
56,,,4,0,3,0,0,0,0,
57,,,5,2,2,0,1,1,0,
58,,,6,0,1,0,0,1,0,
59,,,7,1,0,0,0,0,0,
60,,,8,1,1,0,0,0,0,
61,,,9,1,2,1,0,1,0,
62,,,10,0,0,0,1,0,0,
63,,,11,2,3,0,0,0,1,
64,,,12,1,0,0,0,0,0,
65,,,13,0,1,0,0,1,0,
66,,,14,0,1,0,0,0,0,
67,,,15,1,1,0,0,0,0,
68,,,16,1,1,0,0,0,1,
69,,,17,0,1,0,0,0,0,
70,,,18,1,0,0,0,0,0,
71,,,19,0,0,0,0,0,1,
72,,,20,0,1,0,0,0,0,
73,,,21,1,0,0,0,0,0,
74,,,22,0,2,0,1,0,1,
75,,,23,0,1,0,0,0,0,
76,,,24,1,2,0,0,1,0,
77,,,25,1,0,0,0,0,0,
78,,,26,1,0,0,0,0,0,
79,,,27,1,0,0,0,0,0,
80,,,28,5,5,0,0,0,0,
81,,,29,0,0,0,1,0,0,
82,,,30,0,0,1,0,0,0,
83,,,31,2,1,0,0,0,0,
84,,,32,1,0,0,0,0,0,
85,,,33,0,1,0,0,0,0,
86,,,34,0,1,0,0,0,0,
87,,,35,0,2,0,0,0,0,
88,,,36,0,2,0,0,0,0,
89,,,37,2,0,0,0,0,0,
90,,,38,2,5,2,0,0,1,
91,,,39,2,4,0,0,0,0,
92,,,40,0,2,0,0,0,0,
93,,,41,0,1,0,0,0,0,
94,,,42,2,0,0,0,1,0,
95,,,43,1,1,0,0,0,0,
96,,,44,0,0,1,0,0,0,
97,,,45,0,1,0,0,0,0,
98,2004-2005,1,1,1,0,0,0,0,0,
99,,,2,0,2,0,0,0,0,
100,,,3,0,0,1,0,0,0,
101,,,4,2,2,0,0,0,2,
102,,,5,0,1,0,0,0,0,
103,,,6,0,1,0,0,0,0,
104,,,7,0,1,0,0,0,1,
105,,,8,5,4,0,0,0,0,
106,,,9,3,3,0,0,0,1,
107,,,10,1,1,0,0,0,1,
108,,,11,0,1,0,1,0,0,
109,,,12,1,0,0,0,0,0,
110,,,13,2,1,0,0,0,0,
111,,,14,1,0,0,1,0,0,
112,,,15,0,1,0,0,0,0,
113,,,16,1,0,0,0,0,0,
114,,,17,0,1,1,0,0,0,
115,,,18,0,2,0,0,0,1,
116,,,19,0,0,0,1,0,0,
117,2005-2006,1,1,1,0,0,0,0,1,
118,,,2,1,2,2,0,0,0,
119,,,3,0,0,0,1,0,0,
120,,,4,2,3,0,0,0,1,
121,,,5,1,0,0,0,0,0,
122,,,6,0,1,0,0,1,0,
123,,,7,0,1,0,0,0,0,
124,,,8,1,1,0,0,0,0,
125,,,9,0,1,0,0,0,0,
126,,,10,1,0,0,0,0,0,
127,,,11,1,1,0,0,0,1,
128,,,12,0,0,0,0,0,1,
129,,,13,0,1,0,0,0,0,
130,,,14,1,0,0,0,0,0,
131,,,15,0,2,0,1,0,1,
132,,,16,0,1,0,0,0,0,
133,,,17,1,2,0,0,1,0,
134,,,18,1,0,0,0,0,0,
135,,,19,1,0,0,0,0,0,
136,,,20,1,0,0,0,0,0,
137,,,21,5,4,0,0,0,0,
138,,,22,0,0,0,1,0,0,
139,,,23,0,0,1,0,0,0,
140,,,24,2,1,0,0,0,0,
141,,,25,0,1,0,0,0,0,
142,,,26,1,0,0,0,0,0,
143,,,27,0,1,0,0,0,0,
144,,,28,0,2,0,0,0,0,
145,,,29,0,0,0,0,0,2,
146,,,30,2,0,0,0,0,0,
147,,,31,2,5,3,0,0,2,
148,,,32,0,0,0,1,0,0,
149,,,33,0,2,0,0,0,0,
150,,,34,2,1,0,0,0,0,
151,2006-2007,1,1,1,0,0,0,0,0,
152,,,2,0,1,0,0,0,1,
153,,,3,0,0,1,0,0,0,
154,,,4,2,2,0,0,0,1,
155,,,5,0,1,0,0,0,0,
156,,,5,0,1,0,0,0,0,
157,,,6,0,1,0,0,0,1,
158,,,7,2,3,0,0,0,1,
159,,,8,1,1,0,0,0,1,
160,,,9,5,4,0,0,0,0,
161,,,10,0,1,0,1,0,0,
162,,,11,1,0,0,0,0,0,
163,,,12,2,1,0,0,0,0,
164,,,13,1,0,0,1,0,0,
165,,,14,0,1,0,0,0,0,
166,,,15,1,0,0,0,0,0,
167,,,16,0,1,1,0,0,0,
168,,,17,0,2,0,0,0,1,
169,,,18,0,0,0,1,0,0,
170,2007-2008,1,1,0,2,0,0,0,0,
171,,,2,1,1,0,0,0,0,
172,,,3,0,0,0,1,0,0,
173,,,4,3,3,0,0,0,1,
174,,,5,1,0,0,0,0,0,
175,,,6,1,0,0,0,0,0,
176,,,7,0,1,0,0,0,0,
177,,,8,0,0,1,0,0,0,
178,,,9,0,1,0,0,0,0,
179,,,10,1,0,0,0,0,0,
180,,,11,0,0,0,1,0,0,
181,,,12,0,1,0,0,0,0,
182,,,13,1,0,0,0,0,0,
183,,,14,0,0,0,0,1,0,
184,,,15,0,1,0,0,0,0,
185,,,16,2,1,0,0,1,0,
186,,,17,1,0,0,0,0,0,
187,,,18,0,0,1,0,0,0,
188,,,19,0,1,0,1,0,0,
189,,,20,1,0,0,0,0,0,
190,2008-2009,1,1,4,7,0,2,0,0,
191,,,2,1,0,0,0,0,0,
192,,,3,0,1,0,0,0,0,
193,,,4,0,0,1,0,0,0,
194,,,5,0,1,0,0,0,0,
195,,,6,1,0,0,0,0,0,
196,,,7,0,0,0,1,0,0,
197,,,8,0,1,0,0,0,0,
198,,,9,1,0,0,0,0,0,
199,,,10,0,0,0,0,1,0,
200,,,11,1,1,0,0,0,0,
201,,,12,1,0,0,0,0,0,
202,,,13,0,0,0,1,0,0,
203,,,14,5,4,0,0,0,0,
204,,,15,0,1,0,0,0,0,
205,,,16,0,1,0,0,0,0,
206,,,17,0,1,1,0,0,0,
207,,,18,0,1,0,0,0,0,
208,,,19,2,3,0,0,0,0,
209,,,20,0,2,0,0,0,0,
210,,,21,1,0,0,0,0,0,
211,,,22,0,0,1,0,0,0,
212,,,23,0,1,0,0,0,1,
213,,,24,1,0,0,0,0,0,
214,,,25,0,0,0,1,0,0,
215,,,26,0,1,0,0,0,0,
216,,,27,0,0,1,0,0,0,
217,,,28,1,0,0,0,0,0,
218,,,29,0,1,0,0,0,0,
219,,,30,1,0,0,0,0,0,
220,,,31,0,0,0,1,0,0,
221,,,32,0,1,0,0,0,0,
222,,,33,2,1,0,0,0,0,
223,,,34,1,1,0,0,0,0,
224,,,35,1,2,0,0,0,0,
225,,,36,0,1,0,1,0,0,
226,,,37,1,0,0,0,0,0,
227,,,38,0,1,0,0,0,0,
228,,,39,2,0,0,0,0,0,
229,,,40,0,1,0,0,0,0,
230,,,41,0,0,1,0,0,0,
231,,,42,2,1,0,0,1,0,
232,,,43,0,1,0,0,0,0,
233,,,44,0,1,0,1,0,0,
234,,,45,2,0,0,0,0,0,
235,,,46,1,0,0,0,0,0,
236,,,47,2,3,1,1,0,0,
237,,,48,3,3,0,0,0,1,
238,,,49,0,2,0,4,0,0,
239,2009-2010,1,1,3,1,1,0,0,0,
240,,,2,1,1,0,0,0,0,
241,,,3,1,0,0,0,0,0,
242,,,4,0,1,0,0,0,0,
243,,,5,0,0,0,1,0,1,
244,,,6,1,0,0,0,0,0,
245,,,7,0,0,0,0,1,0,
246,,,8,0,1,0,0,0,0,
247,,,9,0,0,1,0,0,0,
248,,,10,0,1,0,0,0,0,
249,,,11,0,0,0,0,1,0,
250,,,12,0,0,0,1,0,0,
251,,,13,0,1,0,0,0,0,
252,,,14,1,0,0,0,0,0,
253,,,15,0,0,0,0,1,0,
254,,,16,0,0,0,0,1,0,
255,,,17,0,0,1,0,0,0,
256,,,18,1,1,0,0,0,0,
257,,,19,1,0,0,0,0,0,
258,,,20,3,1,1,0,0,0,
259,,,21,0,0,0,1,0,1,
260,,,22,4,5,0,0,0,0,
261,,,23,0,0,0,1,0,1,
262,,,24,3,1,0,0,0,0,
263,,,25,3,2,0,0,0,0,
264,,,26,0,1,0,0,0,0,
265,,,27,0,0,1,1,0,0,
266,,,28,1,3,0,0,0,0,
267,,,29,3,3,0,0,0,1,
268,,,30,1,0,0,0,0,0,
269,,,31,0,0,0,0,0,1,
270,,,32,4,5,0,1,0,0,
271,,,33,0,0,1,0,0,0,
272,,,34,1,0,0,0,0,0,
273,,,35,0,2,0,0,0,0,
274,,,36,1,0,0,0,0,0,
275,,,37,4,4,2,0,0,0,
276,,,38,0,1,0,0,0,0,
277,,,39,1,0,0,0,0,0,
278,,,40,0,2,1,0,0,0,
279,,,41,0,1,0,0,0,0,
280,,,42,1,0,0,0,0,0,
281,,,43,0,4,0,1,0,0,
282,,,44,1,0,0,0,0,0,
283,,,45,1,0,0,0,0,0,
284,,,46,0,1,0,0,0,0,
285,,,47,1,2,0,4,0,0,
286,,,48,0,2,0,0,0,0,
287,,,49,0,1,0,0,0,0,
288,,,50,0,0,0,0,0,1,
289,,,51,1,0,0,0,0,0,
290,,,52,0,1,0,0,0,0,
291,,,53,1,0,1,0,3,0,
292,,,54,2,2,0,0,0,0,
293,,,55,0,1,0,0,0,0,
294,,,56,0,0,1,0,0,0,
295,,,57,1,1,0,0,0,0,
296,,,58,1,1,0,0,0,0,
297,,,59,2,1,0,0,0,0,
298,,,60,1,0,0,0,1,0,
299,,,61,0,0,0,0,0,1,
300,,,62,1,0,0,0,0,0,
301,,,63,0,1,0,0,0,1,
302,2010-2011,1,1,3,1,1,0,0,0,
303,,,2,1,1,0,0,0,0,
304,,,3,1,0,0,0,0,0,
305,,,4,0,1,0,0,0,0,
306,,,5,0,0,0,1,0,1,
307,,,6,1,0,0,0,0,0,
308,,,7,0,0,0,0,1,0,
309,,,8,0,1,0,0,0,0,
310,,,9,0,0,1,0,0,0,
311,,,10,0,1,0,0,0,0,
312,,,11,0,0,0,0,1,0,
313,,,12,0,0,0,1,0,0,
314,,,13,0,1,0,0,0,0,
315,,,14,1,0,0,0,0,0,
316,,,15,0,0,0,0,1,0,
317,,,16,0,0,0,0,1,0,
318,,,17,0,0,1,0,0,0,
319,,,18,1,1,0,0,0,0,
320,,,19,1,0,0,0,0,0,
321,,,20,0,1,0,0,0,1,
322,,,21,0,5,0,0,0,0,
323,,,22,3,5,0,0,1,0,
324,,,23,0,1,0,0,0,1,
325,,,24,3,1,0,0,0,0,
326,,,25,3,2,0,0,0,0,
327,,,26,0,1,0,0,0,0,
328,,,27,0,0,1,1,0,0,
329,,,28,3,3,0,0,0,1,
330,,,29,1,3,0,0,0,0,
331,,,30,0,0,0,0,1,0,
332,,,31,0,0,0,0,0,1,
333,,,32,3,4,0,1,0,1,
334,,,33,0,0,1,0,0,0,
335,,,34,0,0,0,0,1,0,
336,,,35,0,2,0,0,0,0,
337,,,36,1,0,0,0,0,0,
338,,,37,4,2,2,0,0,0,
339,,,38,0,1,0,0,0,0,
340,,,39,0,1,0,0,0,0,
341,,,40,1,0,0,0,0,0,
342,,,41,0,1,0,0,0,0,
343,,,42,1,0,0,0,0,0,
344,,,43,0,2,1,0,0,0,
345,,,44,0,3,0,2,0,0,
346,,,45,1,0,0,0,0,0,
347,,,46,1,0,0,0,0,0,
348,,,47,0,1,0,0,0,0,
349,,,48,1,0,0,0,0,0,
350,,,49,1,2,0,3,0,0,
351,,,50,0,1,0,0,0,0,
352,,,51,0,0,0,0,0,1,
353,,,52,0,1,0,0,0,0,
354,,,53,0,1,0,0,0,0,
355,,,54,2,2,0,0,0,0,
356,,,55,1,0,1,0,3,0,
357,,,56,0,0,1,0,0,0,
358,,,57,1,1,0,0,0,0,
359,,,58,1,1,0,0,0,0,
360,,,59,1,0,0,0,0,0,
361,,,60,0,0,0,0,0,1,
362,,,61,1,0,0,0,0,0,
363,,,62,1,0,0,1,0,0,
364,2011-2012,1,1,0,1,0,0,0,0,
365,,,2,0,0,0,1,0,1,
366,,,3,4,1,0,0,0,0,
367,,,4,1,0,0,0,0,0,
368,,,5,0,0,0,1,0,0,
369,,,6,0,1,0,0,0,0,
370,,,7,0,0,1,0,0,0,
371,,,8,1,0,0,0,0,0,
372,,,9,0,1,0,0,0,0,
373,,,10,1,0,0,0,0,0,
374,,,11,0,0,0,1,0,0,
375,,,12,0,1,0,0,0,0,
376,,,13,1,0,0,1,0,0,
377,,,14,1,0,0,0,0,0,
378,,,15,0,0,0,1,0,0,
379,,,16,1,0,0,0,0,0,
380,,,17,0,1,0,0,0,1,
381,,,18,1,1,0,0,0,0,
382,,,19,0,1,0,0,0,0,
383,,,20,1,0,0,0,0,0,
384,,,21,3,5,0,0,0,0,
385,,,22,2,1,0,0,0,0,
386,2012-2013,1,1,0,0,0,0,1,0,
387,,,2,0,1,0,0,0,0,
388,,,3,0,0,1,0,0,0,
389,,,4,0,1,0,0,0,0,
390,,,5,0,0,0,0,1,0,
391,,,6,0,0,0,1,0,0,
392,,,7,0,1,0,0,0,0,
393,,,8,1,0,0,0,0,0,
394,,,9,0,0,0,0,1,0,
395,,,10,5,7,0,0,2,0,
396,,,11,1,0,0,0,0,0,
397,,,12,1,1,2,0,0,1,
398,,,13,0,0,1,0,0,0,
399,,,14,0,0,0,1,0,0,
400,2013-2014,1,1,1,0,3,1,2,4,
401,,,2,0,0,0,1,1,0,
402,,,3,1,1,0,0,0,0,
403,,,4,0,0,0,1,0,0,
404,,,5,7,7,0,1,0,1,
405,,,6,1,0,0,0,0,0,
406,,,7,0,0,1,0,0,0,
407,,,8,1,0,0,0,0,0,
408,,,9,0,1,0,0,0,0,
409,,,10,1,2,0,0,0,0,
410,,,11,0,1,0,0,0,0,
411,,,12,1,1,0,0,0,0,
412,,,13,0,1,0,0,0,0,
413,,,14,1,7,0,1,0,0,
414,,,15,0,1,0,0,0,0,
415,,,16,0,1,0,4,0,0,
416,,,17,14,0,0,0,0,0,
417,,,18,0,1,0,0,0,0,
418,,,19,1,0,0,0,0,0,
419,,,20,0,1,0,1,0,0,
420,,,21,2,1,0,1,0,0,
421,,,22,2,0,0,0,0,0,
422,,,23,0,0,0,0,1,0,
423,,,24,1,0,0,0,0,0,
424,,,25,0,1,0,0,0,0,
425,,,26,2,1,0,0,9,1,
426,2014-2015,1,1,0,2,0,0,0,0,
427,,,2,0,0,0,1,2,0,
428,,,3,0,0,0,1,0,0,
429,,,4,0,0,1,0,0,0,
430,,,5,0,0,1,0,0,0,
431,,,6,0,1,0,0,0,0,
432,,,7,1,5,0,1,0,0,
433,2015-2016,1,1,0,0,1,0,0,0,
434,,,2,0,2,0,0,0,0,
435,,,3,1,0,0,0,0,0,
436,,,4,0,2,0,1,0,0,
437,,,5,0,1,0,0,0,0,
438,,,6,1,1,0,0,0,0,
439,2016-2017,1,1,0,0,0,1,0,0,
440,,,2,0,1,0,0,1,0,
441,,,3,0,3,0,1,0,0,
442,,,4,1,0,0,0,0,0,
443,,,5,1,1,0,0,0,0,
444,,,6,0,3,0,0,0,1,
445,,,7,0,1,0,0,0,0,
446,,,8,0,0,1,1,0,0,
447,,,9,0,1,0,0,0,0,
448,2017-2018,1,1,3,2,0,1,0,0,
449,,,2,5,4,1,1,0,0,
450,,,3,0,1,0,0,0,0,
451,,,4,21,7,3,2,2,5,
452,2018-2019,1,1,2,0,0,0,0,0,
453,,,2,0,4,0,0,0,0,
454,,,3,4,6,0,1,0,1,
455,,,4,3,2,0,0,1,0,
456,,,5,0,1,0,2,0,0,
457,,,,,,,,,,
458,,,,,,,,,,
459,,,,,,,,,,
460,,,,,,,,,,
461,,,,,,,,,,
462,,,,,,,,,,
463,,,,,,,,,,
464,,,,,,,,,,
465,,,,,,,,,,
466,,,,,,,,,,
467,,,,,,,,,,
468,,,,,,,,,,
469,,,,,,,,,,
470,,,,,,,,,,
471,,,,,,,,,,
472,,,,,,,,,,
473,,,,,,,,,,
474,,,,,,,,,,
475,,,,,,,,,,
476,,,,,,,,,,
477,,,,,,,,,,
478,,,,,,,,,,
479,,,,,,,,,,
480,,,,,,,,,,
481,,,,,,,,,,
482,,,,,,,,,,
483,,,,,,,,,,
484,,,,,,,,,,
485,,,,,,,,,,
486,,,,,,,,,,
487,,,,,,,,,,
488,,,,,,,,,,
489,,,,,,,,,,
490,,,,,,,,,,
491,,,,,,,,,,
492,,,,,,,,,,
493,,,,,,,,,,
494,,,,,,,,,,
495,,,,,,,,,,
496,,,,,,,,,,
497,,,,,,,,,,
498,,,,,,,,,,
499,,,,,,,,,,